{
  "rows": [
    {
      "clicks": 13.0,
      "impressions": 14083.0,
      "ctr": 0.0009230987715685579,
      "position": 82.70112902080523
    }
  ],
  "responseAggregationType": "byProperty"
}